label,contrast,dissimilarity,homogeneity,energy,correlation,ASM
0,67.70876517619189,1.852849105292102,0.8336313105245285,0.10351263510521823,0.9852530060046764,0.010714865626426057
0,65.33938618384873,1.8227611151063923,0.8386241301807446,0.08492749046178251,0.9913291116689983,0.007212678636136159
0,77.19054317018487,1.8376094589449639,0.8410914480283541,0.10985058855919463,0.991510694944132,0.012067151806801462
0,73.05814543762428,1.9222682854604682,0.8339328160582388,0.10444807822836195,0.9850284074130529,0.01090940104559802
0,35.99573797537967,1.6269194974406702,0.8381132377943117,0.08358744235743877,0.9959170991293304,0.006986860519858149
0,72.775773086848,1.8194297559118406,0.8393906604200578,0.09211712490711517,0.9899712687832383,0.008485564701153058
0,59.71328101865561,1.5305956258724989,0.8462595743681909,0.12085693626956787,0.9889282829421001,0.01460639904446639
0,62.96017175007402,1.8987055289986883,0.83245865750277,0.11106090184171684,0.9814318220330083,0.012334523917895463
0,59.94095562418039,2.0660878209738147,0.8282770239397413,0.08329603500313275,0.9913986472916696,0.0069382294472431156
0,62.07798553238293,2.1674986251533483,0.8239736366057955,0.09071236681619425,0.9857402387119343,0.008228733493395781
1,79.68171242438345,2.342294513304286,0.8256833033569958,0.0884834485677897,0.9748045138919949,0.007829320670448685
1,88.67626591649392,2.4038136130970003,0.8261813397368336,0.08380036080558388,0.9769874933671826,0.007022500471146039
1,54.00466390287238,1.985669867591692,0.8279464130405108,0.088081836157224,0.9798267477854373,0.007758409860828051
1,71.59803714201111,2.196666525656754,0.8274149242081639,0.08727604926037776,0.9772023245666717,0.007617108774499885
1,64.99092601209865,2.2228520665002747,0.826432013184422,0.08757291719879902,0.9815243433869958,0.007669015826707709
1,57.33452134185034,2.1179512669740683,0.8261872000569787,0.09106573925170973,0.9761557714509518,0.008292968865460385
1,57.770633275519266,2.0611066457971994,0.8279727476827133,0.08755354471049027,0.9847544244354206,0.00766562319137182
1,98.05316426244764,2.6407948728795634,0.8237274123459086,0.08352355123771839,0.9783177518831511,0.006976183611359768
1,75.0771606243919,2.348301535597953,0.8257125955124214,0.08361485437071935,0.9807233965305902,0.006991443871436603
1,57.50958162358814,2.0949913278903507,0.8274081883328227,0.0839613073429699,0.9850132292239323,0.0070495011307406515
10,86.1367126358983,2.7467003680358735,0.8207693684851407,0.07624232958680348,0.987867567633599,0.005812892820822769
10,91.18438808748255,2.780458141207327,0.8217936431889311,0.07444392975608512,0.988303168711538,0.005541898677528936
10,94.7574241719193,2.6753987055289987,0.8224753018175031,0.072707626069915,0.9868669414935207,0.005286398888722584
10,97.62449765218496,2.7220271585092433,0.8224809935663471,0.07725682275215982,0.985958846570783,0.0059686166617586404
10,73.9018042218368,2.6025741359617585,0.8206400297253398,0.07301733558314688,0.9898117200332085,0.005331531295661888
10,84.74996827276958,2.6334870341384997,0.8234692489233647,0.07418629486618755,0.9870194382486155,0.005503606345972925
10,76.52295993908372,2.5320127754981177,0.8237974432078996,0.07434842964191014,0.9895451062537438,0.005527688990218063
10,80.79637463513684,2.664431659545666,0.8226623968546314,0.07712589099892073,0.9883087604006482,0.0059484030623774015
10,74.24741951859218,2.5293265366555273,0.8244646301838091,0.08008621527116884,0.9871585813835584,0.006413801876459996
10,58.13146706713483,2.3442087228732182,0.8222237159798482,0.07651658499460672,0.9917898228463958,0.005854787779236873
11,57.28075426202462,2.0843627056982106,0.8290458832837598,0.07690436363221195,0.9918439371575881,0.005914281145675485
11,71.06784339439064,2.3783049198358643,0.8288523543616345,0.07415830059352065,0.9905033272283941,0.005499453546918965
11,54.12012987012987,2.1415986293836458,0.8237080962885013,0.06844591845131692,0.9930504766980921,0.004684843752644327
11,55.62959516053979,2.076631837218156,0.8269495210498062,0.07204151703579124,0.9928028405467657,0.005189980176818199
11,45.14463386776091,1.894306019713186,0.8275167341178392,0.07287976720699978,0.9936290869671617,0.00531146046814648
11,57.05824061931554,2.1437772325394473,0.8258174983032355,0.06969738914756282,0.9929577106037017,0.004857726053986809
11,47.70331866830238,1.9593997208003724,0.8311316086888324,0.07777283898644681,0.9929091938858994,0.006048614484011781
11,68.52453572486147,2.3152417614958334,0.8241717532649042,0.06919187301028279,0.9913314721602133,0.004787515290671099
11,62.70992850797411,2.1952282245441856,0.8282012248258169,0.07441063911258848,0.9923864211722107,0.0055369432131438835
11,62.449215279834185,2.177122551715386,0.8288477021501339,0.07343793337093393,0.9919601546759608,0.005393130057793731
12,47.06636279030416,1.9313740005922417,0.8255353632287724,0.08225839686795501,0.9867792270321654,0.006766443855285991
12,59.214867380176834,2.197375100469563,0.8237025325738734,0.08448130346916637,0.9828022892634587,0.007137090635849381
12,40.807775286602656,1.7330047802360506,0.8291433158632026,0.08317334352672867,0.9879784713685706,0.006917805073415219
12,37.721487795592026,1.8331887981725117,0.8269137190880929,0.08079644661345112,0.9930490429938048,0.006528065785360257
12,52.93742332585981,2.0959114175726556,0.8231508711043789,0.07602696983352651,0.9904934584341173,0.005780100142067949
12,59.11270569821058,2.1241063496763823,0.8250205743323771,0.08444490077915175,0.9818039141394898,0.0071309412676007836
12,59.0598904352976,2.011178560852828,0.8282872844108365,0.0817342330132742,0.9852931043075165,0.006680484846268203
12,39.32452726426666,1.6957781632048732,0.8375970855905936,0.08255363542400182,0.9894098184078155,0.0068151027217190074
12,51.116237996531154,1.936196539616735,0.8294079096175256,0.08016137993815313,0.9866163832550896,0.006425846833588939
12,65.96274165573841,2.197417403443462,0.8245383417610642,0.07999857522531256,0.9816895760847023,0.006399772038079993
13,86.10780912898177,2.7992300858750365,0.8160809525786321,0.07147098003463341,0.9859091122467935,0.005108100987110968
13,87.55336520157367,2.808959769871822,0.8178352242388114,0.07247605344722309,0.986130510438988,0.005252778323284737
13,80.67036465163501,2.740143407081518,0.8159559206042594,0.07243073850235704,0.9878132514075413,0.005246211879996826
13,90.3534307711832,2.844864418968653,0.8172126134700368,0.07223545413529214,0.98663618918781,0.005217960834131894
13,89.00449469097677,2.765271373577563,0.8178606901195766,0.07588956546135231,0.9830518206146123,0.005759226145912877
13,78.39053047929269,2.6472249249122215,0.8179940386809335,0.07143207923543808,0.9876232301157981,0.005102541943897904
13,89.23214814501459,2.799959812174796,0.8169739927741864,0.07158145779505258,0.986985037417574,0.005123905100064894
13,91.17466897922925,2.812322856296798,0.8176891188114918,0.07214414510285454,0.9854128396492242,0.00520477767262173
13,89.10270104488346,2.884290790642582,0.8156802351415233,0.07289840722005386,0.9854184182943211,0.0053141777752208005
13,83.822930327002,2.7846884385972333,0.8168399588357971,0.07130503538651783,0.9876919680215093,0.00508440807147256
14,41.56012310165404,1.8627162739540593,0.8258069782670862,0.09468589614603419,0.9892116308940555,0.008965418928977573
14,35.70630102796227,1.8122488260924743,0.8256520898259536,0.08485767755232501,0.9919775077337164,0.007200825439574364
14,37.04028300689539,1.8756821354541229,0.823004301560378,0.08861646400512599,0.9916173147171119,0.007852877692771789
14,45.83878336647066,1.9054317018486402,0.8260059815504873,0.09436599956494034,0.9873921985635463,0.008904941873890319
14,42.702557214772206,1.8837620034688438,0.8258715350777986,0.09451565107763044,0.9870624946947854,0.008933208298628382
14,37.6810990312619,1.896463471382038,0.8227480497544886,0.08660133991687624,0.9915795195119442,0.007499792075398342
14,45.59250602817379,2.0119400143830113,0.8218704140885984,0.09252748065008232,0.9889339013809663,0.008561334675451357
14,32.25140657388214,1.7355852616438936,0.8247094515139706,0.08437388923322686,0.9913017047892455,0.007118953184340837
14,38.395627987647515,1.8353039468674646,0.826297160012645,0.09284957887253864,0.9916900841844964,0.008621044296807774
14,41.30823004357206,1.9439379838402637,0.8224630543291513,0.08299335361496432,0.9907025165880434,0.006887896744258512
15,91.10283852954865,2.6229958966115325,0.819040141742954,0.07721647182171601,0.9807791297651608,0.005962383520593862
15,92.10780912898176,2.5116544693091925,0.8228514507369643,0.09682015724382752,0.9813397231733778,0.009374142848719486
15,89.05274123270867,2.5327107745674526,0.8221558699792657,0.09960814225942378,0.981819139396651,0.009921782004373606
15,94.64067853970134,2.550150175557342,0.8222064700144786,0.09435673616396423,0.9805895408001295,0.008903193659515956
15,123.84433563179493,2.8757667414019212,0.8221528635689896,0.07688842405263875,0.9803497215919244,0.005911829753298396
15,120.31582342738695,2.8957760480561783,0.8228781920790057,0.07889929599751687,0.980901127794649,0.0062250989089037805
15,97.92359025339483,2.588296882270824,0.8224239065202879,0.07680914105355086,0.979499882196104,0.0058996441493842705
15,76.2896484622869,2.3003934176572614,0.8267104322410391,0.10535351128707293,0.9862057867375121,0.011099362340515404
15,80.01447819281695,2.357111129912433,0.824645108403606,0.09913675110263054,0.9816399903173395,0.009828095419184916
15,91.49646770167944,2.518486399593891,0.8233121134495346,0.09607479720815454,0.9737302399502488,0.00923036665858802
16,97.1262426498583,2.6080312195947375,0.8232773362946861,0.07855833245647662,0.9860436481282399,0.006171411598342307
16,68.92782055078473,2.0358623461229324,0.835640200706052,0.08035081235913466,0.9911836246169755,0.006456253046772866
16,84.66543635517577,2.4974935487964807,0.8232550522918398,0.07292016960887726,0.987395030827254,0.005317351135787427
16,70.57589153517493,2.3173357587038375,0.8231132006396424,0.0712125726419141,0.9915703502988079,0.0050712305022798925
16,53.617887812513224,2.0022737848470746,0.8273759733808688,0.07094337804733605,0.9928462769922821,0.005032962888767243
16,91.97708236389019,2.5914061508524053,0.8219063115683153,0.07696443817243165,0.9858876034870951,0.005923524743198053
16,61.26118913659631,2.078630652734887,0.8270169935946478,0.07851304530029296,0.9909079296020628,0.006164298282325854
16,62.77999280849444,2.0129552857565884,0.8314954829971223,0.08188669372246403,0.9898597186677772,0.00670543060879663
16,67.88699818097213,2.1174013283133806,0.8281699425827991,0.07594344003695463,0.9880526402292126,0.005767406084646523
16,72.65270316003215,2.2002305512077496,0.8262370164705718,0.07728407310988257,0.9874363137356563,0.005972827956453673
17,55.36589957273997,2.0752358390794874,0.8287940070951042,0.08562014408629225,0.9923374445190198,0.007330809073357446
17,57.438290536824745,2.1776196116586997,0.826924096255962,0.08346963340380348,0.9913080835279647,0.006967179700565345
17,50.55428529125599,2.0370891323660056,0.8259099378709961,0.08070746374261971,0.992274338746423,0.006513694703766274
17,60.97552772959939,2.1712001353695167,0.8243914237370271,0.07996583121346942,0.9900610450702043,0.006394534161661081
17,47.43866068784635,1.9709378569313423,0.8277105893681675,0.07787361258170886,0.9912754095960137,0.006064299536526084
17,50.41288760099835,2.102320318118364,0.8256738271968178,0.08110466271459546,0.9907653034522705,0.006577966314048292
17,54.697586615339056,2.1292673124920682,0.8273315495387366,0.07957028447448422,0.9915641065580709,0.006331430171350344
17,50.54547569694149,2.0879267312492065,0.8265566083750072,0.0831334863662233,0.9919887271836376,0.006911176555403033
17,46.994722704006094,2.014203223486611,0.8269555767398709,0.07890569400179957,0.9920695905853357,0.006226108545905629
17,47.580121832564835,2.0078260501713268,0.829400482646381,0.08721561986251734,0.9919074313589817,0.007606564348003129
18,100.99272388848935,2.6263378315495585,0.8249573713965925,0.0724079566689865,0.9862355622925562,0.005242912188977826
18,85.19677228309148,2.4875206226997757,0.8240849046881517,0.07469311978940196,0.9862512176935608,0.005579062143873951
18,93.0510808409831,2.5859384914759502,0.8237567485207968,0.07297328789145571,0.9857679458470142,0.005325100745689277
18,89.01401286010407,2.4761728499513516,0.8247568549563337,0.0720355636276951,0.9863814931828587,0.00518912242715971
18,45.5542324125386,1.7774440543170185,0.8321292190493537,0.07570158769955919,0.9921664885841996,0.005730730380234051
18,51.41111087609458,1.8679195397436439,0.8330231238832589,0.07572118704305483,0.991744614934861,0.005733698167209296
18,97.4028406446973,2.644750200939126,0.8231155965446858,0.07421278128684675,0.9848532378620146,0.00550753690632935
18,43.005309023224335,1.8282287744828463,0.8300322607306254,0.07849880555644444,0.9916548064871021,0.006162062473788472
18,48.909905241338464,1.9194234104657557,0.8314933424994868,0.07861290168924395,0.9914090978794166,0.006179988312002734
18,53.96109183975635,2.0039659038030377,0.830220919124987,0.07798276864292145,0.9908152211839415,0.006081312205215413
19,54.60256356021828,2.147848893777233,0.8241280194948775,0.07613221593036196,0.9891522186861705,0.005796114302467259
19,44.46556537924616,1.9077795169000378,0.8262617587018767,0.08353916669174628,0.9901042628289699,0.0069787923715513706
19,55.58842379119252,2.129373069926816,0.8265181888161495,0.08117296214891435,0.9881642102563847,0.006589049784029083
19,66.8241042345277,2.2630610431913363,0.8260336549398087,0.0822214820372652,0.9851176479552207,0.006760372108404324
19,60.289510977621724,2.381985278565083,0.8205579077395515,0.07682966615377543,0.9895605259363499,0.005902797601300586
19,73.53286941071957,2.4688438597233384,0.8259538948094278,0.07495261594752714,0.9855712056947297,0.0056178946373775
19,70.90237531198443,2.580068953847456,0.8200297472044891,0.07705728841018583,0.9886585812265939,0.005937825697130561
19,93.71297432209484,2.5430221244553493,0.8249628276099568,0.07664624250509232,0.9821265855075454,0.00587464649014942
19,91.27114091120606,2.5941875713862683,0.8234102047957577,0.07623530827352998,0.9822108804167129,0.005811822227560147
19,90.32198908583274,2.6689157747789674,0.825154035622507,0.07539840116461657,0.985530462327007,0.005684918898180453
2,35.73685435086087,1.7491433647785437,0.8276028250743942,0.07825517292920978,0.9938913766525611,0.006123872090180527
2,48.33057658953424,2.0534709590084184,0.8253941095960438,0.07809084116367092,0.9913929304331465,0.006098179473649681
2,26.724829730530058,1.5892275476966033,0.8301420812217476,0.086143720845086,0.995660390920355,0.007420740641036102
2,25.803671898134436,1.5806929227124666,0.8288108262454139,0.08432735665543814,0.9955068580029177,0.007111103080493468
2,38.177186006176235,1.7436651296586152,0.8322305438593391,0.08936243000262717,0.9930051480773808,0.007985643895974441
2,35.69148441135412,1.70000846059478,0.8372072013876222,0.08677973818703491,0.9930554915746007,0.007530722959810326
2,55.02355218071831,2.2127522314818733,0.8211766867065442,0.07193681426184638,0.9917788547291162,0.005174905246143386
2,57.15929184821694,2.2118744447734677,0.824812019170394,0.07481903507575476,0.9907520792901066,0.0055978880096670194
2,46.46298489783832,2.061677735944837,0.8252126521287088,0.07460814462656827,0.9926109670318761,0.0055663752446189286
2,47.71372519988156,2.0146474047125515,0.826082353949697,0.07793607897441929,0.9903589442552915,0.00607403240590692
20,40.282710774567455,1.7167181352849106,0.8291007901723703,0.08640663700603875,0.9888396811989899,0.0074661069186933455
20,55.689686534963414,2.084034857650493,0.8250928280456553,0.08375903905159468,0.9878243463287593,0.007015576622846562
20,43.70911417572656,1.804486230381996,0.8307168079810118,0.08904157296985685,0.9872132517939093,0.007928401716946342
20,40.46120817293456,1.8093616481238632,0.8292107755016331,0.08885832151277251,0.9879039111898763,0.00789580130206725
20,52.39969964888532,1.9663902872371928,0.8252612011028277,0.08577809018265874,0.986621851383321,0.007357880755384336
20,53.338021912940484,1.9892127416557384,0.8261070303501116,0.08553120390266715,0.9855768144797094,0.007315586841039623
20,46.918386987605224,1.8283451076610686,0.8268331233552713,0.0885303524483458,0.9857569924572354,0.007837623304628328
20,40.008925927492704,1.8641439993231523,0.8263560080736269,0.08488745918465714,0.9908170091774008,0.007205880726826831
20,50.67102034773046,2.0374910106180466,0.8250476943258813,0.08540514145940561,0.9871312196247615,0.007294038187701085
20,53.00541478065908,1.9341131181522062,0.8270412484667128,0.09107489497407913,0.9832839969125561,0.008294636494539542
21,63.46703540758915,2.114482423114345,0.8240303360684449,0.09081456812107096,0.9791795149770636,0.008247285783016638
21,57.698305765895356,2.076282837683489,0.823238921182139,0.09280562295232717,0.9783053858366598,0.008612883651569515
21,60.79301154871188,2.1498582850374377,0.8231784368177433,0.09093912273327309,0.9792553301336413,0.008269924043497306
21,53.60138965269258,1.935477389060451,0.8255117056819519,0.09614677901328153,0.980019191050818,0.009244203114628794
21,50.49356994796734,2.0558399255467665,0.8230310741731814,0.09603112083642686,0.9813409706491208,0.009221976169100417
21,67.04695630102795,2.243728584119463,0.8220845142453104,0.09004004401413741,0.9769533419486646,0.008107209526067803
21,61.143703202335125,2.182706544270062,0.8222485087836939,0.09244977476241786,0.9785310003124305,0.008546960853621796
21,62.776206692330476,2.1715491349041844,0.8218594587697359,0.09004112284494141,0.9801570742342668,0.00810740380317783
21,56.41443165954567,2.0786518042218374,0.8238934209444448,0.09242174473779373,0.9820222728636312,0.008541778900377902
21,44.50874613985363,1.8574918566775247,0.8256926897956428,0.09403814231754906,0.9836610374139683,0.008843172210535611
22,31.742057616650452,1.672257709716993,0.8287771427629513,0.08098845418333171,0.9944206083781336,0.00655912971100562
22,33.886353060620166,1.5659080333347435,0.834788390350639,0.07960998395962034,0.9934507808118904,0.006337749546051008
22,29.75492829645924,1.4443610135792546,0.8394881758665635,0.08001760395758918,0.99468643813059,0.006402816943113592
22,16.40886881847794,1.275191420956893,0.8360944761962451,0.07711321140390735,0.9971832423213435,0.005946447373023706
22,22.099612927788826,1.3670734802656632,0.8351708814506539,0.08215165169813116,0.9961713780839642,0.006748893876731055
22,20.34183975633487,1.297252421845256,0.8361903069024602,0.07913703905230159,0.9964659916693054,0.006262670949965507
22,23.641979356148738,1.3814776428782944,0.8377072411226896,0.0811999795412147,0.9956876910173704,0.0065934366774936855
22,19.375819620119298,1.3581792800033845,0.8345380806910464,0.0782135112967121,0.9967007368583884,0.006117353349360912
22,25.37261516984644,1.3619336689369261,0.8385131718725375,0.08012102151175927,0.9948686691675306,0.006419378088087792
22,39.80374592833877,1.6407102669317652,0.8332766440112434,0.0786568192566937,0.9923828355736363,0.00618689521558018
23,79.31763187952113,2.2218156436397476,0.8239381244706889,0.09679741278763188,0.983194974831154,0.009369739122379199
23,54.21539616735056,2.089523668513897,0.8240301519418812,0.07751607350532726,0.9919786285915138,0.006008741651683297
23,69.71462413807689,1.9321671813528487,0.8301010651977269,0.09906527936488776,0.9853520600545105,0.009813929575643258
23,36.36755996446551,1.7446063708278694,0.8282644747355579,0.0807250316552503,0.9954636403784892,0.006516530735741164
23,51.182896907652626,2.1137103938406874,0.8225031162482423,0.07753718753135339,0.9921800454212004,0.006012015450272264
23,73.39688650112105,2.3131477642878293,0.8231463115869005,0.07816542733903396,0.9881841088994521,0.006109834031093798
23,68.31867887812511,2.008175049705994,0.8287824292000336,0.10114933535605479,0.9853923353492455,0.010231188042971635
23,76.53448749947123,2.146590380303736,0.8250082756056745,0.10194764819560682,0.9837903955600329,0.010393322972615216
23,38.526746055247685,1.479683996784974,0.8311752349274674,0.10185216463740952,0.9876827796848517,0.010373863441325975
23,59.12056347561234,2.117433055543805,0.8227994315628434,0.07578596885893778,0.9911146296772306,0.005743513075887886
24,33.889271965819205,1.8183087271035152,0.8271243377820068,0.07936883713514678,0.9938384075381465,0.006299412308185455
24,36.634883032277166,1.8414061508524049,0.8284951094439301,0.0806580651288004,0.9938003835219739,0.006505723470321806
24,31.536295951605393,1.586107703371547,0.834458709264197,0.08324842468241121,0.9946373079821826,0.0069303002121030915
24,31.84597487203351,1.7261940014383013,0.8304360001790463,0.0790490795923909,0.9936861550837676,0.006248756984404151
24,39.92948094251026,1.7635475273911758,0.8288076231010756,0.08198185746810724,0.9913474573509532,0.006721024953921051
24,39.44587334489615,1.6047421633740853,0.8386966940133599,0.08421759961942875,0.9920562362993672,0.007092604085658406
24,34.72184737087018,1.753447692372774,0.8291960153614037,0.08143313685336946,0.9938965463924944,0.006631355777779599
24,38.09809002072846,1.8782414653750157,0.8251536818054106,0.07830056637991821,0.9928348859002825,0.006130978695415977
24,43.54816193578409,1.7645416472778037,0.8373120118998919,0.0842387460494524,0.991869655955745,0.007096166335984134
24,49.745452430305846,1.9604784466347986,0.8276577768301994,0.08028380639456224,0.9907871608742788,0.0064454895691995525
25,29.17884639790178,1.7566204154152036,0.8240148503844931,0.07031821141238753,0.9961719455241734,0.004944650856237228
25,42.88882778459326,1.7989974195185923,0.8378652947424036,0.08274662217731552,0.9943070229644405,0.006847003481755404
25,34.19076526079784,1.6640509327805746,0.8300110692202334,0.07259386186937929,0.9956214617130569,0.0052698687811105205
25,30.4434620753839,1.7905579762257289,0.8241951124828137,0.0717782187966714,0.995337552103901,0.0051521126936228305
25,32.659736029442875,1.6700791065611913,0.8394644680717023,0.07852814807508013,0.9959879836734415,0.006166670040101712
25,25.841057151317738,1.5253500571090148,0.8426002200738777,0.08103238102064383,0.9970411735442499,0.0065662467738748
25,38.263864799695426,2.025974025974026,0.8219865850274353,0.07267264087589982,0.99557051473018,0.005281312731877505
25,38.35460467870891,1.9242565252337238,0.8260129345047948,0.0845222403602984,0.9927202278772821,0.007144009115524056
25,32.18636575151233,1.547210118871357,0.8404843398769132,0.07686032802146367,0.9957762766017976,0.0059075100235669925
25,38.485976564152466,2.0170904014552224,0.8223355943157478,0.07222874323958374,0.9952810419142688,0.0052169913499697145
26,112.22552772959942,2.788812978552393,0.8222482475773313,0.076132257065339,0.9806716175099552,0.005796120565862862
26,114.05324886839546,2.7885168577350985,0.8213150111808375,0.07694604764130179,0.9796364293672382,0.005920694247617485
26,113.37163162570329,2.855154617369601,0.8209159717472632,0.0789442595699385,0.9802747325694455,0.006232196119045826
26,100.07832395617413,2.641439993231525,0.8221059077305546,0.07704296143129408,0.9821001376490349,0.005935617906103867
26,115.03303862261517,2.829963196412708,0.8224783848373095,0.07481450803318816,0.9820102587163888,0.0055972106122479754
26,82.76837006641567,2.446084859765642,0.8216008254371728,0.07571542214452763,0.9856890026581175,0.005732825150524026
26,124.06509370108719,2.883317822242904,0.8213874229680862,0.07321306310262286,0.981972919765186,0.005360152608868638
26,99.30812428613733,2.5529104446042554,0.8234292724045194,0.07798982731588826,0.9831323478367742,0.00608241316476207
26,112.38094885570456,2.751417149625619,0.8213616378885271,0.0747818015144201,0.981761983433003,0.005592317837742123
26,111.19808367528236,2.848449596006599,0.8200182470135142,0.07403578281786509,0.983324576031483,0.005481297137454088
27,76.62081729345573,2.6512754346630567,0.8176181031917785,0.07303636544530732,0.9897726218857349,0.005334310677460482
27,86.19706840390879,2.7494817885697365,0.8200475467909812,0.07502556566439192,0.9892938469604692,0.005628835503261985
27,126.89214856804433,3.1627606920766533,0.8146849104399099,0.07161560795039511,0.9819864142585146,0.005128795302104696
27,64.97658530394686,2.4468463132958247,0.8204496592958491,0.07334481300658363,0.9904908984375917,0.00537946159497072
27,92.95195439739412,2.8030056262955276,0.8177472305766349,0.07571450701745551,0.985155017062146,0.005732686572896319
27,113.60612758576929,3.036729557087863,0.8156483927160972,0.07277166817987103,0.9853673997434865,0.005295715689681253
27,81.71764880071069,2.6915690173019162,0.8175468246327163,0.07075611801809148,0.9894937011949554,0.005006428236990089
27,118.96306950378612,3.1227843817420364,0.8168247609361214,0.0731251758367383,0.9866269149652831,0.0053472913411538965
27,59.880927704217605,2.3180231820296964,0.8222284154611127,0.0721926026146404,0.9920881466148158,0.0052117718722753835
27,105.07914886416515,2.928825246414823,0.818167691634347,0.07265365852850662,0.9854583040194504,0.005278554097576843
28,35.10479504209145,1.689781716654681,0.8317479144470385,0.09606404035790685,0.990559531331004,0.009228299849885557
28,39.47070519057491,1.8217564194762894,0.8280488076850366,0.08468251062201948,0.9899882336022044,0.007171127605248443
28,30.798098481323233,1.63597233385507,0.8303449538713334,0.08586147991270285,0.9925570914763261,0.007372193732799475
28,40.64085832734041,1.7475041245399554,0.8316976468511227,0.09996453877745286,0.9882841402282024,0.009992909012988875
28,65.1232602901984,2.3158234273869454,0.8235062038322161,0.08062920087518385,0.9880127360691852,0.006501068033770748
28,63.15139176784128,2.3375671559710645,0.8234691104984179,0.08253496744693561,0.9886597482403773,0.006812020851466721
28,55.7785016286645,2.247620457718178,0.8230365011076141,0.08305714188015613,0.9892072544762811,0.006898488817300385
28,50.56700791065612,2.1537924616100512,0.8243259945681994,0.08405189343847301,0.9900196861065768,0.007064720790592422
28,57.35383264943525,2.080111256821354,0.8313743051863877,0.08475981483532141,0.9893680720199779,0.0071842262109179725
28,38.141249629848986,1.5573628326071327,0.8439377980713492,0.11819443999475569,0.9871243339726407,0.013969925645673904
29,35.324950294005674,1.7951478488937775,0.8265826957841308,0.08506615123912929,0.9937797347336217,0.007236250086638419
29,40.997800245357254,1.9418757138626848,0.8233384930176207,0.08108872602881116,0.9927908572463799,0.006575381488975598
29,36.72698718219891,1.8069186513811926,0.8273111841610109,0.08342650253606276,0.9925024369932026,0.006959981325399687
29,33.729303270019884,1.791129066373366,0.8260554810805549,0.07775717488962108,0.9951846781217958,0.00604617824681512
29,30.989815559033808,1.55589280426414,0.8327776302035793,0.0943789551258189,0.9904541457221268,0.008907387170641337
29,31.15626718558315,1.559964465501925,0.8360964098825466,0.09835378289592707,0.991184146449395,0.009673466609939155
29,42.7483713355049,1.9686006176234188,0.8231301020067003,0.08179385124286127,0.9920800501954424,0.006690234101139319
29,23.763082194678287,1.4705571301662506,0.8314724239921878,0.0976385333983821,0.9923807898326924,0.009533283204186978
29,30.162834722280977,1.6163860569398028,0.8297569574100522,0.09304129497379332,0.9915409746254453,0.008656682570400418
29,35.21067938576082,1.821322813993824,0.8237913251121599,0.08664844197643665,0.9917893467434137,0.007507952496943907
3,88.54399509285503,2.5494310250010574,0.8223804275422926,0.07886988309718498,0.9811241759965107,0.006220458459763626
3,38.51632894792504,1.6709463175261225,0.8375561348041964,0.08104274754563276,0.9934121900355942,0.006567926929745164
3,102.58959769871818,2.638309573162993,0.8240305579725508,0.07746679035893775,0.9815033324561364,0.00600110360851561
3,91.93124709167057,2.5268729641693812,0.826098831920097,0.08049225732418387,0.9801906302686006,0.006479003489142633
3,42.34810059647194,1.9903020432336394,0.8255312511997974,0.08033332759436108,0.9927454097091705,0.006453443522382935
3,44.69417065019672,1.9027031600321505,0.8282958744075064,0.07815426522020365,0.9926058061744094,0.0061080891721099345
3,40.96188502051694,1.7544523880028766,0.8362150811798181,0.08086760763981299,0.9925436009696654,0.00653956996538674
3,34.66251744997674,1.8124180379880708,0.8274200780868807,0.08202261139437912,0.9929973783110415,0.006727708779953332
3,88.84718050678963,2.4634290790642583,0.8257522897490034,0.08136044244654346,0.979606368225016,0.0066195215950973114
3,73.74230085875038,2.3641122720927283,0.8216686284076693,0.07875989774360014,0.9837513062031203,0.00620312149258235
30,43.012363044122004,2.011791953974364,0.8230327355234057,0.0863659694269705,0.9901913764687821,0.007459080675060404
30,93.73581792800036,2.5228859088793945,0.8220791747659533,0.08956914733886952,0.9677700515804348,0.008022632155012116
30,84.65162443419773,2.339047760057533,0.824369485912364,0.08774191498490619,0.9708006240322774,0.007698643645218505
30,84.53774482846147,2.3949299885781974,0.8217326549974343,0.0859428288399229,0.967254527223554,0.007386169829008283
30,92.98400947586617,2.5457929692457384,0.8232745181430965,0.0889715290078634,0.9679142107079867,0.007915932973997078
30,84.44550319387454,2.4240978890816027,0.8222388255079858,0.08682197039908096,0.9687247569429404,0.007538054543978891
30,49.493971826219386,2.083019586276915,0.8239559802498071,0.08584365342725005,0.9892694851302424,0.007369132833737818
30,26.427852278015152,1.649731376115741,0.8255329535801369,0.087083460478457,0.9937968205576565,0.007583529088902981
30,40.04942044925759,1.9570519057489741,0.8241589258189566,0.08826495577877239,0.9908718410368524,0.007790702418628644
30,25.612843182875757,1.6298278268962307,0.8254568320498671,0.08502500529242625,0.9943719881181047,0.007229251524977113
31,76.89458098904353,2.387072211176446,0.8209785122424659,0.08048043051882461,0.9789762060716732,0.006477099696495355
31,79.84755065781124,2.4385443546681334,0.8206305808238858,0.07990629920367513,0.9835988807426654,0.006385016652427254
31,119.98152417614959,2.7858517703794576,0.8208184241565539,0.07420482222270572,0.9790869716601382,0.00550635564110336
31,102.06883751427726,2.6805808198316345,0.8207717187090986,0.07236240355711904,0.9835209690594648,0.005236317448563354
31,70.5402830068954,2.225929607851432,0.8238101988494699,0.08327090956941186,0.9809463898451144,0.006934044380517167
31,93.49197301070267,2.577657684335209,0.821561585097513,0.07700863828107554,0.9841477684055473,0.005930330369905533
31,71.4925017978764,2.4001121028808328,0.8213422398208796,0.08073421368361122,0.9839686662531565,0.006518013259110998
31,65.47922923981557,2.361246245611067,0.8213175659641873,0.08341157767425729,0.9824162824357725,0.006957491290108656
31,94.70681923939253,2.580058378103981,0.8211620870986408,0.07863269104611428,0.9825983315197777,0.0061831001011536605
31,66.51041710732265,2.2666039172553827,0.8208161374150199,0.07935806978520589,0.9877427585642196,0.0062977032400336076
32,42.7229683996785,1.603124074622446,0.8330827900116035,0.0950048795234924,0.9865555867987729,0.009025927133273307
32,58.57469647616227,1.9173928677186007,0.82798884687934,0.08506742561514355,0.9865524900665888,0.00723646690078798
32,52.88943060197133,1.775022209061297,0.8324846388368986,0.08811503740223672,0.9851067113845839,0.007764259816397576
32,51.68389102753925,1.871673928677186,0.8280076366196282,0.08904518893408403,0.9858128636275572,0.00792904567230672
32,63.076822200600716,2.0639832480223363,0.8275098917421999,0.08624005433634489,0.9860342197824614,0.007437346971935719
32,59.1637019332459,2.111267397098016,0.8221081103322415,0.08472406844428544,0.9835782472409438,0.007178167773751964
32,53.20429163670207,1.837207580692923,0.8294671927604752,0.08567296994160446,0.9812571581247281,0.007339857778615061
32,51.45894496383097,1.9127289648462291,0.8248524129919587,0.08809119091484659,0.9847953736509597,0.00776005791679595
32,68.4524303058505,2.1950378611616395,0.8231683303806822,0.08412026967243762,0.9822761291079515,0.007076219769763628
32,48.56361309700072,1.8284085621219168,0.8284859973543696,0.08764914633565474,0.9817138190524735,0.007682372853369018
33,93.28060620161598,2.644982867295571,0.8203640129124001,0.09473356295040095,0.9669619173124353,0.008974447949277578
33,103.8684483269174,2.774958754600448,0.8183796214187761,0.09210755093984443,0.9626206950937826,0.008483800940136038
33,80.77899868860781,2.509021109183976,0.8211127139226826,0.09401902181063174,0.9700449768509609,0.008839576462228046
33,121.70217648800711,3.000116333178223,0.8170833666943881,0.08788702413020205,0.9601527989622533,0.007724129010462718
33,119.84156478700453,2.859903126189771,0.8213176818975814,0.08924000500769022,0.9680098839089933,0.007963778493772576
33,113.66204154152038,3.0002538178433946,0.8185996576922518,0.0818898443760431,0.9777646027653091,0.006705946611932559
33,85.48053005626296,2.5447671221286856,0.8203520891112137,0.09437386774845583,0.9642098194588961,0.008906426913803032
33,86.35603240407802,2.6687782901137953,0.8209361453298136,0.07928327775663374,0.9799772939160722,0.006285838131835534
33,99.15949278734293,2.727114091120605,0.8194442984525897,0.09460402947806325,0.9623950649570121,0.00894992239348626
33,107.17473243369008,2.8126612800879904,0.819395997425503,0.09536293208334691,0.9615289004610367,0.009094088815533035
34,64.6283366470663,2.1252273784847078,0.8256197355813807,0.08120067892242132,0.9883321244365691,0.0065935502574621585
34,51.83219467828588,2.11200769914125,0.827486134040424,0.07625431904559202,0.9927116820690648,0.005814721173106938
34,57.227716908498664,2.0292736579381527,0.8268225129718119,0.07755273092970202,0.9893516181431443,0.006014426074654761
34,40.12595710478447,1.821904479884936,0.828546893626539,0.08223649640077238,0.9928635832040701,0.006762841340274248
34,52.74525149117983,1.9569567240577013,0.827162065852258,0.07616577798846047,0.9901416705556678,0.005801225736587449
34,48.475443123651594,2.0025170269469945,0.8296284371136687,0.07608058282599026,0.993612506722394,0.005788255083142363
34,66.40072549600238,2.082036042133762,0.8264024931119958,0.07625647697731612,0.9855079088226646,0.005815050280991943
34,54.356836160582084,2.061371039384069,0.8247537276018685,0.07270876863539619,0.991576343904623,0.005286565036475573
34,73.40795930453912,2.181786454587758,0.8276681150668351,0.07875437480973171,0.9853461964263311,0.006202251551671705
34,51.28722661703118,2.1313190067261734,0.8260477706607354,0.07540600842235885,0.9927793451705453,0.005686066106192855
35,83.2424171919286,2.1984432505605143,0.8330767551178409,0.08270049869805969,0.9844384185672541,0.006839372484907772
35,118.26130546977453,2.6624222682854604,0.8267320158758,0.08135862541409467,0.9692235987167837,0.00661922592927097
35,51.75067684758238,1.8196306950378611,0.8305806054366559,0.0901471990998763,0.9869050603293371,0.008126517505552738
35,58.72123397774865,1.8909746605186344,0.8321804381043315,0.07815927711966648,0.9893488233335949,0.00610887259986882
35,68.9059181860485,1.989403105038284,0.8319445427987918,0.07592946300856498,0.9870096620566327,0.005765283352769038
35,102.08932272938787,2.42759846017175,0.8286509627404153,0.08035653178228594,0.9816469600389313,0.00645717220007753
35,71.03503743813191,2.007075172384619,0.8275656848071563,0.09385150696683216,0.9791253118632394,0.008808105359945346
35,63.2954333939676,1.9758132746732098,0.8266593199958642,0.08931922389713105,0.9825191035674941,0.007977923757585827
35,57.895427048521526,1.7763653284825927,0.833101185636235,0.08067592176531402,0.987230494368118,0.006508604352683068
35,84.00992004737934,2.2541351156986336,0.8312847798735589,0.08540909897101567,0.9757058347927329,0.007294714187040751
36,87.03602098227506,2.76788358221583,0.8175398694078664,0.07202325080065716,0.9879798080503628,0.005187348655894362
36,102.1754515842464,3.0229916663141427,0.816461255644842,0.07139695189801612,0.9874710099324135,0.005097524740327628
36,156.6754092812725,3.5894284868226243,0.8136110171765651,0.07358858453195988,0.974339563506673,0.005415279773417404
36,98.68233639324846,2.9142624476500703,0.8180142460505804,0.07126940052379989,0.9870725134190798,0.005079327451021807
36,188.23891662083847,3.9364292059731802,0.813517469845114,0.07218739182019124,0.9729457015193645,0.0052110195378018125
36,179.86845890266088,3.778797749481789,0.8142221213832247,0.07591664767393115,0.9733788837258216,0.0057633373940477964
36,186.87731079994924,3.923399890012268,0.8134969454969737,0.07267827240235077,0.9739048583694938,0.0052821312793903015
36,98.68352087651763,2.997472397309531,0.816755804172313,0.06726061063746473,0.9881183454046003,0.0045239897433246344
36,182.91744574643604,3.8589407335335686,0.8145887872663164,0.07731769318877099,0.9726775928842151,0.005978025680032925
36,106.1516032827108,2.9973243369008844,0.8176906414659239,0.07157900852734345,0.9856195401166432,0.005123554461757505
37,49.116967722830914,2.055416895807775,0.8281875174655513,0.07781373436030596,0.9925809667971275,0.006054977255096261
37,64.02742290283007,2.168291805913956,0.8277449458355248,0.07497457160468239,0.9900453615936831,0.005621186387305646
37,61.97455476119973,2.2172892254325482,0.8252433622210272,0.07477659465053182,0.990942794318601,0.005591539107529944
37,47.40979948390372,1.9281166716020135,0.8272028590920695,0.07493328463262011,0.9925277336228866,0.0056149971458332604
37,51.71882270823639,2.1921929861669276,0.8237671794352821,0.07692601522328742,0.9917099199563095,0.005917611818133448
37,60.04120309657769,2.1027539236008295,0.8267174336036291,0.07291257144003042,0.9904197658068689,0.00531624307399754
37,61.951785185498544,2.2110601125259106,0.8265006611295596,0.07860960724717864,0.9900557901189929,0.006179470351555681
37,50.49328440289352,2.041763610981852,0.8267451728826383,0.07596751508669093,0.9917838145454695,0.005771063348446615
37,47.15623545835273,2.04821481450146,0.8258089438409237,0.07765087238197561,0.993363120804238,0.006029657981681864
37,50.76540885824272,2.005647447015525,0.8317530977994811,0.07695919041191918,0.9922032906279709,0.005922716988858033
38,35.399392952324554,1.8988853166377595,0.8226690318354053,0.08694900832987867,0.9921200719329722,0.007560130049549311
38,42.521722577097165,1.953487880197978,0.825795087371779,0.09009816446078539,0.9899992895935449,0.008117679239202731
38,38.2489106984221,1.9318710605355558,0.8227255860614638,0.08505061822641535,0.9930409354338792,0.007233607660695456
38,43.67867718600618,2.0444710013113925,0.8216407146283099,0.08805555339941117,0.9920072004281462,0.007753780484476552
38,44.33146495198613,2.1439570201785187,0.8195740085337205,0.09117018664691907,0.9913041399365617,0.008312002933234062
38,35.02420787681374,1.7835251068150093,0.8248993015434699,0.09091613754323424,0.990019391719149,0.008265744065780286
38,40.93517069249968,1.866597571809298,0.8263765823695589,0.08790652129356868,0.9892807786879193,0.007727556485936644
38,42.39193705317485,2.007318414484539,0.8225643864059468,0.08310630822127663,0.9921322498917303,0.006906658466169831
38,37.246531156140264,1.8677926308219461,0.8248521337732772,0.08486869339800675,0.9928461731095048,0.007202695119084873
38,34.47076864503575,1.7504547569694149,0.8275601212511012,0.0941958712454737,0.9905160398903239,0.008872862159693858
39,52.316362790304154,2.168598502474724,0.8247427349225461,0.07317843991110831,0.9932786217880658,0.005355084067823691
39,47.29894454080121,1.9442129531706078,0.8300602548997045,0.08298979337284829,0.9923234852821032,0.006887305804068054
39,45.600797411058,2.125079318076061,0.8266561359872404,0.07796535855793964,0.9927863112853413,0.006078597135068092
39,42.788918735987146,2.0484263293709546,0.8260352407493639,0.07932507900893289,0.9933551546316607,0.006292468159773445
39,44.661988662803,1.865698633613943,0.8328339211509603,0.08125199038939439,0.9926298625976839,0.006601885942238239
39,50.098417868776174,2.1594187571386265,0.825420222296114,0.07815430457536672,0.9932971731780162,0.006108095323659187
39,54.00873556411017,2.1993527644993445,0.8238277074847904,0.07303955944903893,0.9922291494237611,0.005334777244509692
39,42.56104319133636,1.951647700833369,0.826725027852233,0.07847690165453412,0.9949799854133138,0.00615862409329542
39,48.43765599221626,2.0230445450315155,0.8252694981201474,0.0728451905761595,0.9923741184347684,0.005306421790076996
39,34.94876052286475,1.7388743178645458,0.8318229005981927,0.087164332992825,0.9952710099920306,0.007597620946084081
4,31.91277126782013,1.6687888658572698,0.832947757967654,0.08143315093148353,0.9922825287083591,0.006631358070629775
4,50.63586657642033,2.151899403528068,0.823777897696522,0.08424573327321404,0.9904483265571181,0.0070973435747415225
4,31.045866999450062,1.6833728161089725,0.8288640334539756,0.07917321543501636,0.9944570771090752,0.006268398042319512
4,24.63664918143746,1.5926117856085285,0.8290501686268676,0.0774364148473805,0.9961132793178202,0.005996398344415611
4,30.892053386353062,1.7006747324336902,0.8313155962765302,0.08668512183061741,0.9932698781520065,0.007514310346788984
4,26.406679639578662,1.4718262193832228,0.8415921833991393,0.08369671348662219,0.9948169419443992,0.007005139848461725
4,33.13674436312873,1.689919201319853,0.8366703821092708,0.08343952768081153,0.9940741040276238,0.006962154779596915
4,28.734231566479124,1.5463640593933756,0.837465080146961,0.08749166972031924,0.9931731726975718,0.007654792270449427
4,39.25213630018191,1.8552921020347732,0.8277648820657857,0.07953930223100608,0.9920232034428983,0.006326500599395329
4,35.32001142180296,1.7542726003638054,0.8319533131684695,0.08300625303331133,0.9920363900667707,0.006890038042630105
5,48.78823131266128,1.9306231228055333,0.8275643184167615,0.08474591204490366,0.9889217131796039,0.007181869608322547
5,67.19223528914084,2.203107153432887,0.8248897681986199,0.08580705216101499,0.9842716308822763,0.007362850200563146
5,49.77831126528195,2.003511146833622,0.8258583648171227,0.08765064793687406,0.9879167656981421,0.007682636083753846
5,52.80344980752148,1.979832057193621,0.8265745637244568,0.08432282411431732,0.9872357357327758,0.007110338666614095
5,58.789035069165365,2.0112102880832525,0.8272831907908693,0.08931284710742235,0.9815444850549979,0.007976784658433801
5,50.906267185583154,1.8545094970176406,0.8313413123575026,0.08907846869351893,0.9847131311492856,0.007934973584782233
5,38.28599983078811,1.6974385549304116,0.8329693556899492,0.09770772430163545,0.9856610022558446,0.009546799388204403
5,44.595773932907484,1.794851728076484,0.8332103569090074,0.09182689928152794,0.9880796629161117,0.008432179431659876
5,50.87758576927958,1.863266212614747,0.8297826118295449,0.08808139363067587,0.9855995565976845,0.007758331903922067
5,49.21816701214095,1.8284297136088667,0.8359171553275002,0.08719527651335639,0.9886020620722737,0.00760301624624068
6,78.1340369727992,2.26335716400863,0.8244963548260492,0.08326477109124701,0.9822740372194805,0.006933022104877764
6,124.35101950167098,3.135930030881171,0.8187883051809536,0.07390301504102066,0.9754991090507548,0.005461655632153326
6,83.9445090739879,2.555617834933796,0.8214208807634287,0.08140929980216108,0.9833221431644726,0.006627474094278144
6,80.01766149160285,2.433245907187275,0.8246375763055112,0.08963912016787354,0.9837511749076158,0.008035171864470473
6,142.06979990693347,3.110770337154702,0.8219941027782142,0.07381797733017108,0.9771187225827426,0.005449093777117651
6,99.91183002665089,2.7814734125809046,0.8211260738764387,0.0740354644357523,0.9792097204726817,0.005481249994217545
6,80.23029738990651,2.545814120732688,0.8230029395509655,0.08767310891014059,0.9860210370762188,0.007686574025969373
6,92.0869749143365,2.302931596091205,0.826231492642882,0.08799914603551169,0.9785605842489608,0.0077438497029793125
6,87.86181733575872,2.5967680527941117,0.8224071195959748,0.0859516493043006,0.9855028725838215,0.007387686018129478
6,78.84894665594993,2.36447184737087,0.82764078860802,0.09269247458740176,0.983379815422794,0.008591894845136122
7,59.12413807690682,1.8470747493548798,0.8351575739727928,0.08301110234575688,0.9918361352907922,0.006890843112657724
7,50.95860654003977,1.803270019882398,0.8393990467619139,0.08358797959322402,0.9954030911912973,0.0069869503324772346
7,56.73887431786456,1.902840644697322,0.8339300217125858,0.07976892398929714,0.9940049680980655,0.006363081234410263
7,52.67492279707263,1.852849105292102,0.8350990599968252,0.0880495960565018,0.9926569672342584,0.007752731365713136
7,34.415171961588904,1.6294788273615637,0.8366524265765096,0.07569171390426901,0.9972305581833447,0.005729235553765711
7,53.380631583400316,1.7981407842971362,0.8380176983776806,0.09243330571017878,0.9918539021701077,0.008543916004511369
7,51.99598121747959,1.8231947205888572,0.8370512289879106,0.09581907879982873,0.9908924920235817,0.009181295862047788
7,31.87048944540802,1.6586361521214943,0.8345632590370422,0.0803950969871159,0.9970808564106689,0.006463371619567772
7,59.2250623968865,1.871134565759973,0.8360789049073838,0.09003222567579136,0.9916972240139501,0.008105801660136625
7,71.25680020305428,1.875692711197597,0.8387287487606382,0.09385076093626035,0.9920701049375708,0.008807965328315091
8,33.36589957273996,1.831084225221033,0.8259699306955498,0.07431293609382696,0.9950815598470205,0.005522412470885209
8,39.42013198527857,1.8341934938026145,0.8281843067635475,0.07671029487571317,0.9933728302105593,0.005884469339918866
8,37.89920258894201,1.8341617665721899,0.8256379567701246,0.07374283315564051,0.9946311075355517,0.005438005441820632
8,31.985331443800497,1.7440987351410806,0.825685782627448,0.07369156463066265,0.9951000553917965,0.00543044669771513
8,37.62344007783747,1.9685054359321459,0.8250378139734,0.0776168205799861,0.9933885052038671,0.006024370836945753
8,37.38236600533018,1.9473010702652398,0.8225929759391075,0.07500980911110411,0.9938528129796758,0.005626471462884278
8,44.42865603451922,1.9571259359532975,0.8274405279260724,0.07606638801761384,0.9923151824228754,0.005786095386046186
8,43.79844748085791,1.9178264732010661,0.8249110296904962,0.07618236353254254,0.9917581337260954,0.005803752513404467
8,44.15919666652566,1.9943208257540506,0.8241935401527489,0.07371542152530375,0.9914702693409467,0.005433963370653216
8,33.42537755404205,1.8559795253606326,0.8243479200247824,0.0784807268346978,0.9943116615406848,0.006159224484502454
9,47.530616777359455,1.9333199373915988,0.8280993268917607,0.07507582638467579,0.9928955303472699,0.005636379707341981
9,52.63594060662465,1.931321121874868,0.8342351860201741,0.08746718239437572,0.9916440645942705,0.00765050799601099
9,51.19035280680232,1.9816087820973816,0.8283920433523735,0.07470705003433341,0.9929045756480592,0.005581143324832396
9,46.69781928169551,1.8320677693641865,0.8311543861232251,0.0741706405017338,0.9950070833738549,0.0055012839124374355
9,58.1567007910656,1.9801704809848133,0.8296580964098719,0.07099201159252294,0.99368571999366,0.005039865709952912
9,53.48120690384534,2.0268518126824318,0.8310604389128536,0.08146335490002983,0.9931172393418966,0.006636278191568213
9,54.663500994119886,1.99456406785397,0.8328353798624849,0.08028187548330712,0.9937609290763079,0.00644517953111723
9,52.51328313380431,1.9594314480307964,0.8310674339627758,0.07670769734109908,0.9942668473049379,0.005884070831373659
9,52.75306696560768,2.039183129574009,0.8303640109382482,0.08025782714979524,0.9931132005851521,0.0064413188188064095
9,58.67139049875207,1.996784973983671,0.8324649854997057,0.07596921188404857,0.9929226872508656,0.005771321154283466
